Complexity,Loss,Equation
2,9.379095e-6,"square(-0.057942588)"
3,5.9875947e-6,"0.0048408667 * x0"
4,3.885022e-6,"square(x0 / 12.792249)"
5,1.2840695e-7,"0.014017286 * (x0 ^ 8.997965)"
6,6.7540945e-8,"0.015964087 * (x0 ^ exp(2.3598137))"
7,6.733407e-8,"(square(x0) ^ exp(1.6830579)) * 0.016272401"
8,4.272645e-8,"(x0 ^ exp(x0 + 1.5838993)) * 0.01816359"
10,4.2668248e-8,"(x0 ^ (exp(x0 + 1.5838993) - 0.01816359)) * 0.01816359"
12,3.5674397e-8,"(0.020884298 * (x0 ^ ((13.731447 + square(0.606483)) ^ x0))) + -0.0015485567"
