ExpSieves,Expmass
14,1
13.2,1
11.2,0.981445283
9.53,0.972628019
6.35,0.884853324
5.6,0.826562282
3.35,0.585293906
2.36,0.370585901
2,0.283878142
1.7,0.222346779
1.4,0.166709135
1.18,0.129189171
1,0.093362222
0.85,0.067883184
0.71,0.046344006
0.6,0.030277139
0.425,0.014841009
0.25,0.006278005
0.18,0.002971216
0.1,7.40E-17
0,0
