ExpSieves,Expmass
10,1
9.53,1
6.35,0.987974846
5.6,0.980320358
3.35,0.877788705
2.36,0.728920016
2,0.634510822
1.7,0.54603182
1.4,0.453193384
1.18,0.390970016
1,0.331146268
0.85,0.276474207
0.71,0.220128721
0.6,0.170272732
0.425,0.09801501
0.25,0.036703299
0.18,0.016253865
0.15,0.011209377
0.1,1.11E-16
0,0
