ExpSieves,Expmass
10,1
9.53,1
6.35,0.982185735
5.6,0.971506023
3.35,0.828525014
2.36,0.659708465
2,0.570492525
1.7,0.492482411
1.4,0.399493225
1.18,0.34436059
1,0.287571449
0.85,0.235225655
0.71,0.177036319
0.6,0.130161794
0.425,0.071566575
0.25,0.026040825
0.18,0.010076008
0.15,0.007546637
0.1,1.11E-16
0,0
