ExpSieves,Expmass
14,1
13.2,1
11.2,0.97998321
9.53,0.967382041
6.35,0.84445228
5.6,0.744729143
3.35,0.421157731
2.36,0.246286209
2,0.181653225
1.7,0.146497468
1.4,0.111016328
1.18,0.09050071
1,0.06715664
0.85,0.05090995
0.71,0.038899771
0.6,0.026785454
0.425,0.015483977
0.25,0.005812078
0.18,3.62E-03
0.1,0
0,0
