ExpSieves,Expmass
10,1
9.53,1
6.35,0.972227556
5.6,0.946918794
3.35,0.750145581
2.36,0.527006661
2,0.431718261
1.7,0.345439921
1.4,0.268783451
1.18,0.225813613
1,0.180317673
0.85,0.141479161
0.71,0.103977993
0.6,0.077686351
0.425,0.041211267
0.25,0.016888244
0.18,0.008823833
0.15,0.004463524
0.1,3.70E-17
0,0
