ExpSieves,Expmass
14,1
13.2,1
11.2,0.974968856
9.53,0.938233293
6.35,0.783870383
5.6,0.69419868
3.35,0.414108555
2.36,0.269402949
2,0.218404504
1.7,0.184917742
1.4,0.150717988
1.18,0.130439584
1,0.107154552
0.85,0.088973306
0.71,0.06854368
0.6,0.051657224
0.425,0.030725566
0.25,0.01357484
0.18,0.007434573
0.1,1.15E-16
0,0