ExpSieves,Expmass
4.75,1
3.35,0.972803347
2.36,0.868200837
1.7,0.695606695
1.18,0.453974895
0.85,0.269874477
0.6,0.138075314
0.43,0.055439331
0.25,0