ExpSieves,Expmass
4.75,1
3.35,0.939654173
2.36,0.806117129
1.7,0.594331084
1.18,0.355887591
0.85,0.223136187
0.6,0.125680646
0.43,0.061536957
0.25,0