ExpSieves,Expmass
4.75,1
3.35,0.968789022
2.36,0.879898443
1.7,0.684756327
1.18,0.428198839
0.85,0.262479376
0.6,0.133142163
0.43,0.049907125
0.25,0