ExpSieves,Expmass
10,1
4.75,0.955237837
3.35,0.92542393
2.36,0.840512285
1.7,0.654105153
1.18,0.409031733
0.85,0.250730231
0.6,0.127182432
0.43,0.047673174
0.25,0