ExpSieves,Expmass
4.75,1
3.35,0.922263938
2.36,0.753218136
1.7,0.495283752
1.18,0.256017491
0.85,0.143722088
0.6,0.070520946
0.43,0.030483782
0.25,0