ExpSieves,Expmass
4.75,0.963359652
3.35,0.888471866
2.36,0.725619961
1.7,0.477136383
1.18,0.246636921
0.85,0.138456061
0.6,0.067937034
0.43,0.029366846
0.25,0