ExpSieves,Expmass
10,1
4.75,0.92020869
3.35,0.864677936
2.36,0.741795987
1.7,0.546908628
1.18,0.327490854
0.85,0.205331858
0.6,0.115652423
0.43,0.056626843
0.25,0